{
  "results": {
    "linreg": {
      "metrics": {
        "rmsle": 1.1687303472163013,
        "rmse": 863.3431043187913,
        "mae": 667.3253891319356,
        "r2": 0.0025750133353155125
      },
      "params": {}
    },
    "ridge": {
      "metrics": {
        "rmsle": 1.168730494813369,
        "rmse": 863.3430941241671,
        "mae": 667.3254129914569,
        "r2": 0.0025750368911249266
      },
      "params": {
        "alpha": 50.0
      }
    },
    "rf": {
      "metrics": {
        "rmsle": 1.1605509652948403,
        "rmse": 854.2742144937331,
        "mae": 655.6367932456211,
        "r2": 0.0234196308619411
      },
      "params": {
        "max_depth": 5,
        "n_estimators": 50
      }
    },
    "xgb": {
      "metrics": {
        "rmsle": 1.1628505933130926,
        "rmse": 855.4589193983024,
        "mae": 659.4998275530497,
        "r2": 0.02070911527481234
      },
      "params": {
        "learning_rate": 0.1,
        "max_depth": 3,
        "n_estimators": 50
      }
    }
  },
  "best_model": "rf",
  "best_score_rmse": 854.2742144937331,
  "final_metrics": {
    "rmsle": 1.1605509652948403,
    "rmse": 854.2742144937331,
    "mae": 655.6367932456211,
    "r2": 0.0234196308619411
  }
}